GENE PRODUCT DB	GENE PRODUCT ID	SYMBOL	QUALIFIER	GO TERM	GO NAME	ECO ID	GO EVIDENCE CODE	REFERENCE	WITH/FROM	TAXON ID	ASSIGNED BY	ANNOTATION EXTENSION	GO ASPECT
UniProtKB	K6UC97	PCYB_012040	part_of	GO:0000220	vacuolar proton-transporting V-type ATPase, V0 domain	ECO:0000256	IEA	GO_REF:0000002	InterPro:IPR026028	1120755	InterPro		C
UniProtKB	K6UC97	PCYB_012040	part_of	GO:0033179	proton-transporting V-type ATPase, V0 domain	ECO:0000256	IEA	GO_REF:0000002	InterPro:IPR002490	1120755	InterPro		C
UniProtKB	K6UC97	PCYB_012040	enables	GO:0015078	proton transmembrane transporter activity	ECO:0000256	IEA	GO_REF:0000002	InterPro:IPR002490	1120755	InterPro		F
UniProtKB	K6UC97	PCYB_012040	involved_in	GO:1902600	proton transmembrane transport	ECO:0000256	IEA	GO_REF:0000002	InterPro:IPR002490	1120755	InterPro		P
UniProtKB	K6UC97	PCYB_012040	involved_in	GO:0006811	ion transport	ECO:0000323	IEA	GO_REF:0000043	UniProtKB-KW:KW-0406	1120755	UniProt		P
UniProtKB	K6UC97	PCYB_012040	located_in	GO:0016020	membrane	ECO:0000323	IEA	GO_REF:0000043	UniProtKB-KW:KW-0472	1120755	UniProt		C
UniProtKB	K6UC97	PCYB_012040	located_in	GO:0016021	integral component of membrane	ECO:0000323	IEA	GO_REF:0000043	UniProtKB-KW:KW-0812	1120755	UniProt		C
UniProtKB	K6UC97	PCYB_012040	located_in	GO:0016020	membrane	ECO:0000323	IEA	GO_REF:0000044	UniProtKB-SubCell:SL-0162	1120755	UniProt		C
UniProtKB	K6UCD3	PCYB_022210	enables	GO:0030170	pyridoxal phosphate binding	ECO:0000256	IEA	GO_REF:0000002	InterPro:IPR010240	1120755	InterPro		F
UniProtKB	K6UCD3	PCYB_022210	enables	GO:0031071	cysteine desulfurase activity	ECO:0000256	IEA	GO_REF:0000002	InterPro:IPR010240	1120755	InterPro		F
UniProtKB	K6UCD3	PCYB_022210	enables	GO:0003824	catalytic activity	ECO:0000256	IEA	GO_REF:0000002	InterPro:IPR015421|InterPro:IPR015422	1120755	InterPro		F
UniProtKB	K6UCD3	PCYB_022210	involved_in	GO:0044571	[2Fe-2S] cluster assembly	ECO:0000256	IEA	GO_REF:0000002	InterPro:IPR010240	1120755	InterPro		P
UniProtKB	K6UCD3	PCYB_022210	enables	GO:0046872	metal ion binding	ECO:0000323	IEA	GO_REF:0000043	UniProtKB-KW:KW-0479	1120755	UniProt		F
UniProtKB	K6UCD3	PCYB_022210	enables	GO:0051536	iron-sulfur cluster binding	ECO:0000323	IEA	GO_REF:0000043	UniProtKB-KW:KW-0411	1120755	UniProt		F
UniProtKB	K6UCD3	PCYB_022210	enables	GO:0031071	cysteine desulfurase activity	ECO:0000501	IEA	GO_REF:0000003	EC:2.8.1.7	1120755	UniProt		F
UniProtKB	K6UCD3	PCYB_022210	located_in	GO:0005737	cytoplasm	ECO:0000323	IEA	GO_REF:0000044	UniProtKB-SubCell:SL-0086	1120755	UniProt		C
UniProtKB	K6UCD3	PCYB_022210	enables	GO:0031071	cysteine desulfurase activity	ECO:0000256	IEA	GO_REF:0000116	RHEA:43892	1120755	RHEA		F
UniProtKB	K6UCE8	PCYB_031390	enables	GO:0005524	ATP binding	ECO:0000256	IEA	GO_REF:0000002	InterPro:IPR000194|InterPro:IPR020003	1120755	InterPro		F
UniProtKB	K6UCE8	PCYB_031390	part_of	GO:0033180	proton-transporting V-type ATPase, V1 domain	ECO:0000256	IEA	GO_REF:0000002	InterPro:IPR005723	1120755	InterPro		C
UniProtKB	K6UCE8	PCYB_031390	involved_in	GO:0046034	ATP metabolic process	ECO:0000256	IEA	GO_REF:0000002	InterPro:IPR004100	1120755	InterPro		P
UniProtKB	K6UCE8	PCYB_031390	involved_in	GO:1902600	proton transmembrane transport	ECO:0000256	IEA	GO_REF:0000002	InterPro:IPR004100|InterPro:IPR005723	1120755	InterPro		P
UniProtKB	K6UCE8	PCYB_031390	involved_in	GO:0006811	ion transport	ECO:0000323	IEA	GO_REF:0000043	UniProtKB-KW:KW-0406	1120755	UniProt		P
UniProtKB	K6UDD9	PCYB_092170	enables	GO:0008234	cysteine-type peptidase activity	ECO:0000256	IEA	GO_REF:0000002	InterPro:IPR000668	1120755	InterPro		F
UniProtKB	K6UDD9	PCYB_092170	involved_in	GO:0006508	proteolysis	ECO:0000256	IEA	GO_REF:0000002	InterPro:IPR000668	1120755	InterPro		P
UniProtKB	K6UDD9	PCYB_092170	located_in	GO:0016020	membrane	ECO:0000323	IEA	GO_REF:0000043	UniProtKB-KW:KW-0472	1120755	UniProt		C
UniProtKB	K6UDD9	PCYB_092170	located_in	GO:0016021	integral component of membrane	ECO:0000323	IEA	GO_REF:0000043	UniProtKB-KW:KW-0812	1120755	UniProt		C
UniProtKB	K6UDM0	PCYB_101860	enables	GO:0046872	metal ion binding	ECO:0000256	IEA	GO_REF:0000002	InterPro:IPR011249	1120755	InterPro		F
UniProtKB	K6UDM8	PCYB_102260	part_of	GO:0033177	proton-transporting two-sector ATPase complex, proton-transporting domain	ECO:0000256	IEA	GO_REF:0000002	InterPro:IPR002379	1120755	InterPro		C
UniProtKB	K6UDM8	PCYB_102260	part_of	GO:0033179	proton-transporting V-type ATPase, V0 domain	ECO:0000256	IEA	GO_REF:0000002	InterPro:IPR000245|InterPro:IPR011555	1120755	InterPro		C
UniProtKB	K6UDM8	PCYB_102260	enables	GO:0015078	proton transmembrane transporter activity	ECO:0000256	IEA	GO_REF:0000002	InterPro:IPR000245|InterPro:IPR002379|InterPro:IPR011555	1120755	InterPro		F
UniProtKB	K6UDM8	PCYB_102260	involved_in	GO:1902600	proton transmembrane transport	ECO:0000256	IEA	GO_REF:0000002	InterPro:IPR000245|InterPro:IPR002379|InterPro:IPR011555	1120755	InterPro		P
UniProtKB	K6UDM8	PCYB_102260	involved_in	GO:0006811	ion transport	ECO:0000323	IEA	GO_REF:0000043	UniProtKB-KW:KW-0406	1120755	UniProt		P
UniProtKB	K6UDM8	PCYB_102260	located_in	GO:0005773	vacuole	ECO:0000323	IEA	GO_REF:0000043	UniProtKB-KW:KW-0926	1120755	UniProt		C
UniProtKB	K6UDM8	PCYB_102260	located_in	GO:0016020	membrane	ECO:0000323	IEA	GO_REF:0000043	UniProtKB-KW:KW-0472	1120755	UniProt		C
UniProtKB	K6UDM8	PCYB_102260	located_in	GO:0016021	integral component of membrane	ECO:0000323	IEA	GO_REF:0000043	UniProtKB-KW:KW-0812	1120755	UniProt		C
UniProtKB	K6UDM8	PCYB_102260	located_in	GO:0005774	vacuolar membrane	ECO:0000323	IEA	GO_REF:0000044	UniProtKB-SubCell:SL-0271	1120755	UniProt		C
UniProtKB	K6UDM8	PCYB_102260	located_in	GO:0016020	membrane	ECO:0000323	IEA	GO_REF:0000044	UniProtKB-SubCell:SL-0162	1120755	UniProt		C
UniProtKB	K6UDM8	PCYB_102260	located_in	GO:0016021	integral component of membrane	ECO:0000256	IEA	GO_REF:0000104	UniRule:UR000068968	1120755	UniProt		C
UniProtKB	K6UDS9	PCYB_111520	enables	GO:0008641	ubiquitin-like modifier activating enzyme activity	ECO:0000256	IEA	GO_REF:0000002	InterPro:IPR035985	1120755	InterPro		F
UniProtKB	K6UEE6	PCYB_127810	enables	GO:0005507	copper ion binding	ECO:0000256	IEA	GO_REF:0000002	InterPro:IPR007533	1120755	InterPro		F
UniProtKB	K6UEE6	PCYB_127810	located_in	GO:0016020	membrane	ECO:0000323	IEA	GO_REF:0000043	UniProtKB-KW:KW-0472	1120755	UniProt		C
UniProtKB	K6UEE6	PCYB_127810	located_in	GO:0016021	integral component of membrane	ECO:0000323	IEA	GO_REF:0000043	UniProtKB-KW:KW-0812	1120755	UniProt		C
UniProtKB	K6UEE6	PCYB_127810	located_in	GO:0005743	mitochondrial inner membrane	ECO:0000323	IEA	GO_REF:0000044	UniProtKB-SubCell:SL-0168	1120755	UniProt		C
UniProtKB	K6UER0	PCYB_142140	enables	GO:0005524	ATP binding	ECO:0000256	IEA	GO_REF:0000002	InterPro:IPR000194|InterPro:IPR020003	1120755	InterPro		F
UniProtKB	K6UER0	PCYB_142140	part_of	GO:0033180	proton-transporting V-type ATPase, V1 domain	ECO:0000256	IEA	GO_REF:0000002	InterPro:IPR005725	1120755	InterPro		C
UniProtKB	K6UER0	PCYB_142140	enables	GO:0046961	proton-transporting ATPase activity, rotational mechanism	ECO:0000256	IEA	GO_REF:0000002	InterPro:IPR005725	1120755	InterPro		F
UniProtKB	K6UER0	PCYB_142140	involved_in	GO:0046034	ATP metabolic process	ECO:0000256	IEA	GO_REF:0000002	InterPro:IPR004100|InterPro:IPR022878|InterPro:IPR036121	1120755	InterPro		P
UniProtKB	K6UER0	PCYB_142140	involved_in	GO:1902600	proton transmembrane transport	ECO:0000256	IEA	GO_REF:0000002	InterPro:IPR004100|InterPro:IPR005725|InterPro:IPR036121	1120755	InterPro		P
UniProtKB	K6UER0	PCYB_142140	enables	GO:0005524	ATP binding	ECO:0000323	IEA	GO_REF:0000043	UniProtKB-KW:KW-0067	1120755	UniProt		F
UniProtKB	K6UER0	PCYB_142140	involved_in	GO:0006811	ion transport	ECO:0000323	IEA	GO_REF:0000043	UniProtKB-KW:KW-0406	1120755	UniProt		P
UniProtKB	K6UER0	PCYB_142140	enables	GO:0000166	nucleotide binding	ECO:0000323	IEA	GO_REF:0000043	UniProtKB-KW:KW-0547	1120755	UniProt		F
UniProtKB	K6UER0	PCYB_142140	enables	GO:0046933	proton-transporting ATP synthase activity, rotational mechanism	ECO:0000501	IEA	GO_REF:0000003	EC:7.1.2.2	1120755	UniProt		F
UniProtKB	K6UER0	PCYB_142140	enables	GO:0046961	proton-transporting ATPase activity, rotational mechanism	ECO:0000501	IEA	GO_REF:0000003	EC:7.1.2.2	1120755	UniProt		F
UniProtKB	K6UER0	PCYB_142140	involved_in	GO:0015986	ATP synthesis coupled proton transport	ECO:0000366	IEA	GO_REF:0000108	GO:0046933	1120755	GOC		P
UniProtKB	K6UES7	PCYB_142990	enables	GO:0016746	transferase activity, transferring acyl groups	ECO:0000256	IEA	GO_REF:0000002	InterPro:IPR001078	1120755	InterPro		F
UniProtKB	K6UES7	PCYB_142990	enables	GO:0004149	dihydrolipoyllysine-residue succinyltransferase activity	ECO:0000256	IEA	GO_REF:0000002	InterPro:IPR006255	1120755	InterPro		F
UniProtKB	K6UES7	PCYB_142990	involved_in	GO:0006099	tricarboxylic acid cycle	ECO:0000256	IEA	GO_REF:0000002	InterPro:IPR006255	1120755	InterPro		P
UniProtKB	K6UES7	PCYB_142990	part_of	GO:0045252	oxoglutarate dehydrogenase complex	ECO:0000256	IEA	GO_REF:0000002	InterPro:IPR006255	1120755	InterPro		C
UniProtKB	K6UES7	PCYB_142990	enables	GO:0016740	transferase activity	ECO:0000323	IEA	GO_REF:0000043	UniProtKB-KW:KW-0808	1120755	UniProt		F
UniProtKB	K6UES7	PCYB_142990	involved_in	GO:0006099	tricarboxylic acid cycle	ECO:0000323	IEA	GO_REF:0000043	UniProtKB-KW:KW-0816	1120755	UniProt		P
UniProtKB	K6UES7	PCYB_142990	enables	GO:0004149	dihydrolipoyllysine-residue succinyltransferase activity	ECO:0000501	IEA	GO_REF:0000003	EC:2.3.1.61	1120755	UniProt		F
UniProtKB	K6UES7	PCYB_142990	involved_in	GO:0033512	L-lysine catabolic process to acetyl-CoA via saccharopine	ECO:0000322	IEA	GO_REF:0000041	UniPathway:UPA00868	1120755	UniProt		P
UniProtKB	K6UEY3	PCYB_145790	located_in	GO:0016020	membrane	ECO:0000323	IEA	GO_REF:0000043	UniProtKB-KW:KW-0472	1120755	UniProt		C
UniProtKB	K6UEY3	PCYB_145790	located_in	GO:0016021	integral component of membrane	ECO:0000323	IEA	GO_REF:0000043	UniProtKB-KW:KW-0812	1120755	UniProt		C
UniProtKB	K6UJ01	PCYB_062100	involved_in	GO:0006464	cellular protein modification process	ECO:0000256	IEA	GO_REF:0000002	InterPro:IPR004143	1120755	InterPro		P
UniProtKB	K6UJV2	PCYB_084290	enables	GO:0009055	electron transfer activity	ECO:0000256	IEA	GO_REF:0000002	InterPro:IPR011767	1120755	InterPro		F
UniProtKB	K6UJV2	PCYB_084290	enables	GO:0015035	protein-disulfide reductase activity	ECO:0000256	IEA	GO_REF:0000002	InterPro:IPR002109	1120755	InterPro		F
UniProtKB	K6UJV2	PCYB_084290	involved_in	GO:0022900	electron transport chain	ECO:0000366	IEA	GO_REF:0000108	GO:0009055	1120755	GOC		P
UniProtKB	K6UJZ1	PCYB_091540	enables	GO:0003824	catalytic activity	ECO:0000256	IEA	GO_REF:0000002	InterPro:IPR005810|InterPro:IPR005811	1120755	InterPro		F
UniProtKB	K6UJZ1	PCYB_091540	enables	GO:0016874	ligase activity	ECO:0000323	IEA	GO_REF:0000043	UniProtKB-KW:KW-0436	1120755	UniProt		F
UniProtKB	K6UJZ1	PCYB_091540	enables	GO:0000166	nucleotide binding	ECO:0000323	IEA	GO_REF:0000043	UniProtKB-KW:KW-0547	1120755	UniProt		F
UniProtKB	K6UKN7	PCYB_103330	located_in	GO:0016020	membrane	ECO:0000323	IEA	GO_REF:0000043	UniProtKB-KW:KW-0472	1120755	UniProt		C
UniProtKB	K6UKN7	PCYB_103330	located_in	GO:0016021	integral component of membrane	ECO:0000323	IEA	GO_REF:0000043	UniProtKB-KW:KW-0812	1120755	UniProt		C
UniProtKB	K6UKN7	PCYB_103330	located_in	GO:0016020	membrane	ECO:0000323	IEA	GO_REF:0000044	UniProtKB-SubCell:SL-0162	1120755	UniProt		C
UniProtKB	K6UKV9	PCYB_111890	enables	GO:0005507	copper ion binding	ECO:0000256	IEA	GO_REF:0000002	InterPro:IPR002429	1120755	InterPro		F
UniProtKB	K6UKV9	PCYB_111890	enables	GO:0004129	cytochrome-c oxidase activity	ECO:0000256	IEA	GO_REF:0000002	InterPro:IPR002429	1120755	InterPro		F
UniProtKB	K6UKV9	PCYB_111890	located_in	GO:0016020	membrane	ECO:0000256	IEA	GO_REF:0000002	InterPro:IPR002429	1120755	InterPro		C
UniProtKB	K6UKV9	PCYB_111890	located_in	GO:0016020	membrane	ECO:0000323	IEA	GO_REF:0000043	UniProtKB-KW:KW-0472	1120755	UniProt		C
UniProtKB	K6UKV9	PCYB_111890	located_in	GO:0016021	integral component of membrane	ECO:0000323	IEA	GO_REF:0000043	UniProtKB-KW:KW-0812	1120755	UniProt		C
UniProtKB	K6UKV9	PCYB_111890	enables	GO:0004129	cytochrome-c oxidase activity	ECO:0000501	IEA	GO_REF:0000003	EC:7.1.1.9	1120755	UniProt		F
UniProtKB	K6UKV9	PCYB_111890	involved_in	GO:0022900	electron transport chain	ECO:0000366	IEA	GO_REF:0000108	GO:0004129	1120755	GOC		P
UniProtKB	K6UKV9	PCYB_111890	involved_in	GO:0022900	electron transport chain	ECO:0000366	IEA	GO_REF:0000108	GO:0004129	1120755	GOC		P
UniProtKB	K6UKV9	PCYB_111890	involved_in	GO:1902600	proton transmembrane transport	ECO:0000366	IEA	GO_REF:0000108	GO:0004129	1120755	GOC		P
UniProtKB	K6UKV9	PCYB_111890	involved_in	GO:1902600	proton transmembrane transport	ECO:0000366	IEA	GO_REF:0000108	GO:0004129	1120755	GOC		P
UniProtKB	K6UKY5	PCYB_112590	part_of	GO:0033177	proton-transporting two-sector ATPase complex, proton-transporting domain	ECO:0000256	IEA	GO_REF:0000002	InterPro:IPR002379	1120755	InterPro		C
UniProtKB	K6UKY5	PCYB_112590	part_of	GO:0033179	proton-transporting V-type ATPase, V0 domain	ECO:0000256	IEA	GO_REF:0000002	InterPro:IPR000245	1120755	InterPro		C
UniProtKB	K6UKY5	PCYB_112590	enables	GO:0015078	proton transmembrane transporter activity	ECO:0000256	IEA	GO_REF:0000002	InterPro:IPR000245|InterPro:IPR002379	1120755	InterPro		F
UniProtKB	K6UKY5	PCYB_112590	involved_in	GO:1902600	proton transmembrane transport	ECO:0000256	IEA	GO_REF:0000002	InterPro:IPR000245|InterPro:IPR002379	1120755	InterPro		P
UniProtKB	K6UKY5	PCYB_112590	involved_in	GO:0006811	ion transport	ECO:0000323	IEA	GO_REF:0000043	UniProtKB-KW:KW-0406	1120755	UniProt		P
UniProtKB	K6UKY5	PCYB_112590	located_in	GO:0016020	membrane	ECO:0000323	IEA	GO_REF:0000043	UniProtKB-KW:KW-0472	1120755	UniProt		C
UniProtKB	K6UKY5	PCYB_112590	located_in	GO:0016021	integral component of membrane	ECO:0000323	IEA	GO_REF:0000043	UniProtKB-KW:KW-0812	1120755	UniProt		C
UniProtKB	K6UKY5	PCYB_112590	located_in	GO:0016020	membrane	ECO:0000323	IEA	GO_REF:0000044	UniProtKB-SubCell:SL-0162	1120755	UniProt		C
UniProtKB	K6UL58	PCYB_114580	located_in	GO:0016020	membrane	ECO:0000323	IEA	GO_REF:0000043	UniProtKB-KW:KW-0472	1120755	UniProt		C
UniProtKB	K6UL58	PCYB_114580	located_in	GO:0016021	integral component of membrane	ECO:0000323	IEA	GO_REF:0000043	UniProtKB-KW:KW-0812	1120755	UniProt		C
UniProtKB	K6ULP0	PCYB_124540	enables	GO:0005524	ATP binding	ECO:0000256	IEA	GO_REF:0000002	InterPro:IPR005479|InterPro:IPR011761|InterPro:IPR013815	1120755	InterPro		F
UniProtKB	K6ULP0	PCYB_124540	enables	GO:0016874	ligase activity	ECO:0000256	IEA	GO_REF:0000002	InterPro:IPR011763	1120755	InterPro		F
UniProtKB	K6ULP0	PCYB_124540	enables	GO:0046872	metal ion binding	ECO:0000256	IEA	GO_REF:0000002	InterPro:IPR011761	1120755	InterPro		F
UniProtKB	K6ULP0	PCYB_124540	enables	GO:0005524	ATP binding	ECO:0000323	IEA	GO_REF:0000043	UniProtKB-KW:KW-0067	1120755	UniProt		F
UniProtKB	K6ULP0	PCYB_124540	enables	GO:0003824	catalytic activity	ECO:0000323	IEA	GO_REF:0000043	UniProtKB-KW:KW-0511	1120755	UniProt		F
UniProtKB	K6ULP0	PCYB_124540	enables	GO:0016874	ligase activity	ECO:0000323	IEA	GO_REF:0000043	UniProtKB-KW:KW-0436	1120755	UniProt		F
UniProtKB	K6ULP0	PCYB_124540	enables	GO:0000166	nucleotide binding	ECO:0000323	IEA	GO_REF:0000043	UniProtKB-KW:KW-0547	1120755	UniProt		F
UniProtKB	K6ULP0	PCYB_124540	involved_in	GO:0008152	metabolic process	ECO:0000323	IEA	GO_REF:0000043	UniProtKB-KW:KW-0511	1120755	UniProt		P
UniProtKB	K6ULP0	PCYB_124540	enables	GO:0003989	acetyl-CoA carboxylase activity	ECO:0000501	IEA	GO_REF:0000003	EC:6.4.1.2	1120755	UniProt		F
UniProtKB	K6ULP0	PCYB_124540	enables	GO:0005524	ATP binding	ECO:0000256	IEA	GO_REF:0000104	UniRule:UR000414645	1120755	UniProt		F
UniProtKB	K6ULP0	PCYB_124540	enables	GO:0000166	nucleotide binding	ECO:0000256	IEA	GO_REF:0000104	UniRule:UR000414645	1120755	UniProt		F
UniProtKB	K6ULP0	PCYB_124540	involved_in	GO:2001295	malonyl-CoA biosynthetic process	ECO:0000322	IEA	GO_REF:0000041	UniPathway:UPA00655	1120755	UniProt		P
UniProtKB	K6ULR7	PCYB_125240	enables	GO:0020037	heme binding	ECO:0000256	IEA	GO_REF:0000002	InterPro:IPR002326|InterPro:IPR009056|InterPro:IPR036909	1120755	InterPro		F
UniProtKB	K6ULR7	PCYB_125240	enables	GO:0009055	electron transfer activity	ECO:0000256	IEA	GO_REF:0000002	InterPro:IPR002326|InterPro:IPR009056|InterPro:IPR036909	1120755	InterPro		F
UniProtKB	K6ULR7	PCYB_125240	enables	GO:0046872	metal ion binding	ECO:0000323	IEA	GO_REF:0000043	UniProtKB-KW:KW-0479	1120755	UniProt		F
UniProtKB	K6ULR7	PCYB_125240	located_in	GO:0005743	mitochondrial inner membrane	ECO:0000323	IEA	GO_REF:0000043	UniProtKB-KW:KW-0999	1120755	UniProt		C
UniProtKB	K6ULR7	PCYB_125240	located_in	GO:0016020	membrane	ECO:0000323	IEA	GO_REF:0000043	UniProtKB-KW:KW-0472	1120755	UniProt		C
UniProtKB	K6ULR7	PCYB_125240	located_in	GO:0016021	integral component of membrane	ECO:0000323	IEA	GO_REF:0000043	UniProtKB-KW:KW-0812	1120755	UniProt		C
UniProtKB	K6ULR7	PCYB_125240	located_in	GO:0005743	mitochondrial inner membrane	ECO:0000323	IEA	GO_REF:0000044	UniProtKB-SubCell:SL-0168	1120755	UniProt		C
UniProtKB	K6ULR7	PCYB_125240	located_in	GO:0016020	membrane	ECO:0000323	IEA	GO_REF:0000044	UniProtKB-SubCell:SL-0162	1120755	UniProt		C
UniProtKB	K6ULR7	PCYB_125240	involved_in	GO:0022900	electron transport chain	ECO:0000366	IEA	GO_REF:0000108	GO:0009055	1120755	GOC		P
UniProtKB	K6ULU2	PCYB_125790	involved_in	GO:0006662	glycerol ether metabolic process	ECO:0000256	IEA	GO_REF:0000002	InterPro:IPR005746	1120755	InterPro		P
UniProtKB	K6ULU2	PCYB_125790	enables	GO:0015035	protein-disulfide reductase activity	ECO:0000256	IEA	GO_REF:0000002	InterPro:IPR005746	1120755	InterPro		F
UniProtKB	K6ULV3	PCYB_126090	enables	GO:0016787	hydrolase activity	ECO:0000256	IEA	GO_REF:0000002	InterPro:IPR000587	1120755	InterPro		F
UniProtKB	K6ULV3	PCYB_126090	enables	GO:0070006	metalloaminopeptidase activity	ECO:0000256	IEA	GO_REF:0000002	InterPro:IPR033740	1120755	InterPro		F
UniProtKB	K6ULV3	PCYB_126090	enables	GO:0016787	hydrolase activity	ECO:0000323	IEA	GO_REF:0000043	UniProtKB-KW:KW-0378	1120755	UniProt		F
UniProtKB	K6ULV3	PCYB_126090	enables	GO:0046872	metal ion binding	ECO:0000323	IEA	GO_REF:0000043	UniProtKB-KW:KW-0479	1120755	UniProt		F
UniProtKB	K6ULV3	PCYB_126090	involved_in	GO:0006508	proteolysis	ECO:0000366	IEA	GO_REF:0000108	GO:0070006	1120755	GOC		P
UniProtKB	K6UM69	PCYB_132180	enables	GO:0005524	ATP binding	ECO:0000256	IEA	GO_REF:0000002	InterPro:IPR013509	1120755	InterPro		F
UniProtKB	K6UM69	PCYB_132180	enables	GO:0004748	ribonucleoside-diphosphate reductase activity, thioredoxin disulfide as acceptor	ECO:0000256	IEA	GO_REF:0000002	InterPro:IPR013509	1120755	InterPro		F
UniProtKB	K6UM69	PCYB_132180	involved_in	GO:0006260	DNA replication	ECO:0000256	IEA	GO_REF:0000002	InterPro:IPR000788|InterPro:IPR013509	1120755	InterPro		P
UniProtKB	K6UM69	PCYB_132180	enables	GO:0005524	ATP binding	ECO:0000323	IEA	GO_REF:0000043	UniProtKB-KW:KW-0067	1120755	UniProt		F
UniProtKB	K6UM69	PCYB_132180	enables	GO:0003824	catalytic activity	ECO:0000323	IEA	GO_REF:0000043	UniProtKB-KW:KW-0021	1120755	UniProt		F
UniProtKB	K6UM69	PCYB_132180	enables	GO:0016491	oxidoreductase activity	ECO:0000323	IEA	GO_REF:0000043	UniProtKB-KW:KW-0560	1120755	UniProt		F
UniProtKB	K6UM69	PCYB_132180	enables	GO:0000166	nucleotide binding	ECO:0000323	IEA	GO_REF:0000043	UniProtKB-KW:KW-0547	1120755	UniProt		F
UniProtKB	K6UM69	PCYB_132180	involved_in	GO:0008152	metabolic process	ECO:0000323	IEA	GO_REF:0000043	UniProtKB-KW:KW-0021	1120755	UniProt		P
UniProtKB	K6UM69	PCYB_132180	involved_in	GO:0006260	DNA replication	ECO:0000323	IEA	GO_REF:0000043	UniProtKB-KW:KW-0235	1120755	UniProt		P
UniProtKB	K6UM69	PCYB_132180	enables	GO:0004748	ribonucleoside-diphosphate reductase activity, thioredoxin disulfide as acceptor	ECO:0000501	IEA	GO_REF:0000003	EC:1.17.4.1	1120755	UniProt		F
UniProtKB	K6UM69	PCYB_132180	enables	GO:0004748	ribonucleoside-diphosphate reductase activity, thioredoxin disulfide as acceptor	ECO:0000256	IEA	GO_REF:0000116	RHEA:23252	1120755	RHEA		F
UniProtKB	K6UM69	PCYB_132180	enables	GO:0005524	ATP binding	ECO:0000256	IEA	GO_REF:0000104	UniRule:UR000416668	1120755	UniProt		F
UniProtKB	K6UM69	PCYB_132180	enables	GO:0000166	nucleotide binding	ECO:0000256	IEA	GO_REF:0000104	UniRule:UR000416668	1120755	UniProt		F
UniProtKB	K6UM69	PCYB_132180	involved_in	GO:0006260	DNA replication	ECO:0000322	IEA	GO_REF:0000041	UniPathway:UPA00326	1120755	UniProt		P
UniProtKB	K6UMA8	PCYB_133170	enables	GO:0008121	ubiquinol-cytochrome-c reductase activity	ECO:0000256	IEA	GO_REF:0000002	InterPro:IPR003422	1120755	InterPro		F
UniProtKB	K6UMA8	PCYB_133170	involved_in	GO:0006122	mitochondrial electron transport, ubiquinol to cytochrome c	ECO:0000256	IEA	GO_REF:0000002	InterPro:IPR003422	1120755	InterPro		P
UniProtKB	K6UMA8	PCYB_133170	located_in	GO:0070469	respirasome	ECO:0000323	IEA	GO_REF:0000043	UniProtKB-KW:KW-0679	1120755	UniProt		C
UniProtKB	K6UMA8	PCYB_133170	located_in	GO:0005743	mitochondrial inner membrane	ECO:0000323	IEA	GO_REF:0000043	UniProtKB-KW:KW-0999	1120755	UniProt		C
UniProtKB	K6UMA8	PCYB_133170	located_in	GO:0016020	membrane	ECO:0000323	IEA	GO_REF:0000043	UniProtKB-KW:KW-0472	1120755	UniProt		C
UniProtKB	K6UMA8	PCYB_133170	located_in	GO:0005739	mitochondrion	ECO:0000323	IEA	GO_REF:0000043	UniProtKB-KW:KW-0496	1120755	UniProt		C
UniProtKB	K6UMA8	PCYB_133170	located_in	GO:0005743	mitochondrial inner membrane	ECO:0000323	IEA	GO_REF:0000044	UniProtKB-SubCell:SL-0168	1120755	UniProt		C
UniProtKB	K6UMM5	PCYB_141610	part_of	GO:0000221	vacuolar proton-transporting V-type ATPase, V1 domain	ECO:0000256	IEA	GO_REF:0000002	InterPro:IPR004908|InterPro:IPR011987	1120755	InterPro		C
UniProtKB	K6UMM5	PCYB_141610	enables	GO:0046961	proton-transporting ATPase activity, rotational mechanism	ECO:0000256	IEA	GO_REF:0000002	InterPro:IPR004908	1120755	InterPro		F
UniProtKB	K6UMM5	PCYB_141610	involved_in	GO:1902600	proton transmembrane transport	ECO:0000256	IEA	GO_REF:0000002	InterPro:IPR004908|InterPro:IPR011987	1120755	InterPro		P
UniProtKB	K6UMP8	PCYB_142210	enables	GO:0016624	oxidoreductase activity, acting on the aldehyde or oxo group of donors, disulfide as acceptor	ECO:0000256	IEA	GO_REF:0000002	InterPro:IPR001017	1120755	InterPro		F
UniProtKB	K6UMP8	PCYB_142210	enables	GO:0003826	3-methyl-2-oxobutanoate dehydrogenase (2-methylpropanoyl-transferring) activity	ECO:0000256	IEA	GO_REF:0000002	InterPro:IPR034616	1120755	InterPro		F
UniProtKB	K6UMP8	PCYB_142210	enables	GO:0003863	3-methyl-2-oxobutanoate dehydrogenase (2-methylpropanoyl-transferring) activity	ECO:0000256	IEA	GO_REF:0000002	InterPro:IPR034616	1120755	InterPro		F
UniProtKB	K6UMP8	PCYB_142210	involved_in	GO:0009083	branched-chain amino acid catabolic process	ECO:0000256	IEA	GO_REF:0000002	InterPro:IPR034616	1120755	InterPro		P
UniProtKB	K6UMP8	PCYB_142210	enables	GO:0016491	oxidoreductase activity	ECO:0000323	IEA	GO_REF:0000043	UniProtKB-KW:KW-0560	1120755	UniProt		F
UniProtKB	K6UMP8	PCYB_142210	enables	GO:0003863	3-methyl-2-oxobutanoate dehydrogenase (2-methylpropanoyl-transferring) activity	ECO:0000501	IEA	GO_REF:0000003	EC:1.2.4.4	1120755	UniProt		F
UniProtKB	K6UMP8	PCYB_142210	enables	GO:0003863	3-methyl-2-oxobutanoate dehydrogenase (2-methylpropanoyl-transferring) activity	ECO:0000256	IEA	GO_REF:0000116	RHEA:13457	1120755	RHEA		F
UniProtKB	K6UMW9	PCYB_143960	enables	GO:0016491	oxidoreductase activity	ECO:0000256	IEA	GO_REF:0000002	InterPro:IPR004489	1120755	InterPro		F
UniProtKB	K6UMW9	PCYB_143960	involved_in	GO:0006099	tricarboxylic acid cycle	ECO:0000256	IEA	GO_REF:0000002	InterPro:IPR004489	1120755	InterPro		P
UniProtKB	K6UMW9	PCYB_143960	enables	GO:0051536	iron-sulfur cluster binding	ECO:0000256	IEA	GO_REF:0000002	InterPro:IPR001041|InterPro:IPR009051|InterPro:IPR025192|InterPro:IPR036010	1120755	InterPro		F
UniProtKB	K6UMW9	PCYB_143960	enables	GO:0051537	2 iron, 2 sulfur cluster binding	ECO:0000256	IEA	GO_REF:0000002	InterPro:IPR006058	1120755	InterPro		F
UniProtKB	K6UMW9	PCYB_143960	enables	GO:0009055	electron transfer activity	ECO:0000256	IEA	GO_REF:0000002	InterPro:IPR001041|InterPro:IPR025192|InterPro:IPR036010	1120755	InterPro		F
UniProtKB	K6UMW9	PCYB_143960	involved_in	GO:0006099	tricarboxylic acid cycle	ECO:0000323	IEA	GO_REF:0000043	UniProtKB-KW:KW-0816	1120755	UniProt		P
UniProtKB	K6UMW9	PCYB_143960	enables	GO:0046872	metal ion binding	ECO:0000323	IEA	GO_REF:0000043	UniProtKB-KW:KW-0479	1120755	UniProt		F
UniProtKB	K6UMW9	PCYB_143960	enables	GO:0051536	iron-sulfur cluster binding	ECO:0000323	IEA	GO_REF:0000043	UniProtKB-KW:KW-0411	1120755	UniProt		F
UniProtKB	K6UMW9	PCYB_143960	enables	GO:0051537	2 iron, 2 sulfur cluster binding	ECO:0000323	IEA	GO_REF:0000043	UniProtKB-KW:KW-0001	1120755	UniProt		F
UniProtKB	K6UMW9	PCYB_143960	enables	GO:0051538	3 iron, 4 sulfur cluster binding	ECO:0000323	IEA	GO_REF:0000043	UniProtKB-KW:KW-0003	1120755	UniProt		F
UniProtKB	K6UMW9	PCYB_143960	enables	GO:0051539	4 iron, 4 sulfur cluster binding	ECO:0000323	IEA	GO_REF:0000043	UniProtKB-KW:KW-0004	1120755	UniProt		F
UniProtKB	K6UMW9	PCYB_143960	located_in	GO:0005743	mitochondrial inner membrane	ECO:0000323	IEA	GO_REF:0000043	UniProtKB-KW:KW-0999	1120755	UniProt		C
UniProtKB	K6UMW9	PCYB_143960	located_in	GO:0005739	mitochondrion	ECO:0000323	IEA	GO_REF:0000043	UniProtKB-KW:KW-0496	1120755	UniProt		C
UniProtKB	K6UMW9	PCYB_143960	enables	GO:0008177	succinate dehydrogenase (ubiquinone) activity	ECO:0000501	IEA	GO_REF:0000003	EC:1.3.5.1	1120755	UniProt		F
UniProtKB	K6UMW9	PCYB_143960	located_in	GO:0005743	mitochondrial inner membrane	ECO:0000323	IEA	GO_REF:0000044	UniProtKB-SubCell:SL-0168	1120755	UniProt		C
UniProtKB	K6UMW9	PCYB_143960	involved_in	GO:0022900	electron transport chain	ECO:0000366	IEA	GO_REF:0000108	GO:0009055	1120755	GOC		P
UniProtKB	K6UMW9	PCYB_143960	involved_in	GO:0006099	tricarboxylic acid cycle	ECO:0000322	IEA	GO_REF:0000041	UniPathway:UPA00223	1120755	UniProt		P
UniProtKB	K6UQY5	PCYB_061510	enables	GO:0016740	transferase activity	ECO:0000323	IEA	GO_REF:0000043	UniProtKB-KW:KW-0808	1120755	UniProt		F
UniProtKB	K6URC7	PCYB_011330	involved_in	GO:0015986	ATP synthesis coupled proton transport	ECO:0000256	IEA	GO_REF:0000002	InterPro:IPR000454	1120755	InterPro		P
UniProtKB	K6URC7	PCYB_011330	part_of	GO:0033177	proton-transporting two-sector ATPase complex, proton-transporting domain	ECO:0000256	IEA	GO_REF:0000002	InterPro:IPR002379	1120755	InterPro		C
UniProtKB	K6URC7	PCYB_011330	enables	GO:0015078	proton transmembrane transporter activity	ECO:0000256	IEA	GO_REF:0000002	InterPro:IPR000454|InterPro:IPR002379	1120755	InterPro		F
UniProtKB	K6URC7	PCYB_011330	part_of	GO:0045263	proton-transporting ATP synthase complex, coupling factor F(o)	ECO:0000256	IEA	GO_REF:0000002	InterPro:IPR000454	1120755	InterPro		C
UniProtKB	K6URC7	PCYB_011330	involved_in	GO:1902600	proton transmembrane transport	ECO:0000256	IEA	GO_REF:0000002	InterPro:IPR002379	1120755	InterPro		P
UniProtKB	K6URC7	PCYB_011330	involved_in	GO:0006811	ion transport	ECO:0000323	IEA	GO_REF:0000043	UniProtKB-KW:KW-0406	1120755	UniProt		P
UniProtKB	K6URC7	PCYB_011330	enables	GO:0008289	lipid binding	ECO:0000323	IEA	GO_REF:0000043	UniProtKB-KW:KW-0446	1120755	UniProt		F
UniProtKB	K6URC7	PCYB_011330	located_in	GO:0016020	membrane	ECO:0000323	IEA	GO_REF:0000043	UniProtKB-KW:KW-0472	1120755	UniProt		C
UniProtKB	K6URC7	PCYB_011330	located_in	GO:0016021	integral component of membrane	ECO:0000323	IEA	GO_REF:0000043	UniProtKB-KW:KW-0812	1120755	UniProt		C
UniProtKB	K6URC7	PCYB_011330	part_of	GO:0045263	proton-transporting ATP synthase complex, coupling factor F(o)	ECO:0000323	IEA	GO_REF:0000043	UniProtKB-KW:KW-0138	1120755	UniProt		C
UniProtKB	K6URC7	PCYB_011330	located_in	GO:0016020	membrane	ECO:0000323	IEA	GO_REF:0000044	UniProtKB-SubCell:SL-0162	1120755	UniProt		C
UniProtKB	K6URN9	PCYB_012480	enables	GO:0016209	antioxidant activity	ECO:0000256	IEA	GO_REF:0000002	InterPro:IPR000866	1120755	InterPro		F
UniProtKB	K6URN9	PCYB_012480	enables	GO:0016491	oxidoreductase activity	ECO:0000256	IEA	GO_REF:0000002	InterPro:IPR000866	1120755	InterPro		F
UniProtKB	K6URN9	PCYB_012480	enables	GO:0051920	peroxiredoxin activity	ECO:0000256	IEA	GO_REF:0000002	InterPro:IPR019479	1120755	InterPro		F
UniProtKB	K6URN9	PCYB_012480	enables	GO:0016209	antioxidant activity	ECO:0000323	IEA	GO_REF:0000043	UniProtKB-KW:KW-0049	1120755	UniProt		F
UniProtKB	K6URN9	PCYB_012480	enables	GO:0004601	peroxidase activity	ECO:0000323	IEA	GO_REF:0000043	UniProtKB-KW:KW-0575	1120755	UniProt		F
UniProtKB	K6URN9	PCYB_012480	enables	GO:0016491	oxidoreductase activity	ECO:0000323	IEA	GO_REF:0000043	UniProtKB-KW:KW-0560	1120755	UniProt		F
UniProtKB	K6URN9	PCYB_012480	enables	GO:0004601	peroxidase activity	ECO:0000256	IEA	GO_REF:0000104	UniRule:UR001348772	1120755	UniProt		F
UniProtKB	K6URN9	PCYB_012480	involved_in	GO:0098869	cellular oxidant detoxification	ECO:0000366	IEA	GO_REF:0000108	GO:0004601	1120755	GOC		P
UniProtKB	K6URN9	PCYB_012480	involved_in	GO:0098869	cellular oxidant detoxification	ECO:0000366	IEA	GO_REF:0000108	GO:0004601	1120755	GOC		P
UniProtKB	K6URN9	PCYB_012480	involved_in	GO:0098869	cellular oxidant detoxification	ECO:0000366	IEA	GO_REF:0000108	GO:0051920	1120755	GOC		P
UniProtKB	K6URN9	PCYB_012480	involved_in	GO:0098869	cellular oxidant detoxification	ECO:0000366	IEA	GO_REF:0000108	GO:0016209	1120755	GOC		P
UniProtKB	K6URN9	PCYB_012480	involved_in	GO:0098869	cellular oxidant detoxification	ECO:0000366	IEA	GO_REF:0000108	GO:0016209	1120755	GOC		P
UniProtKB	K6URS6	PCYB_073560	part_of	GO:0045277	respiratory chain complex IV	ECO:0000256	IEA	GO_REF:0000002	InterPro:IPR003213	1120755	InterPro		C
UniProtKB	K6URS6	PCYB_073560	located_in	GO:0005739	mitochondrion	ECO:0000256	IEA	GO_REF:0000002	InterPro:IPR003213|InterPro:IPR036549	1120755	InterPro		C
UniProtKB	K6URS6	PCYB_073560	located_in	GO:0005739	mitochondrion	ECO:0000323	IEA	GO_REF:0000043	UniProtKB-KW:KW-0496	1120755	UniProt		C
UniProtKB	K6URU9	PCYB_021790	part_of	GO:0033180	proton-transporting V-type ATPase, V1 domain	ECO:0000256	IEA	GO_REF:0000002	InterPro:IPR004907|InterPro:IPR036132	1120755	InterPro		C
UniProtKB	K6URU9	PCYB_021790	enables	GO:0015078	proton transmembrane transporter activity	ECO:0000256	IEA	GO_REF:0000002	InterPro:IPR004907|InterPro:IPR036132	1120755	InterPro		F
UniProtKB	K6URU9	PCYB_021790	involved_in	GO:1902600	proton transmembrane transport	ECO:0000256	IEA	GO_REF:0000002	InterPro:IPR004907|InterPro:IPR036132	1120755	InterPro		P
UniProtKB	K6URU9	PCYB_021790	involved_in	GO:0006811	ion transport	ECO:0000323	IEA	GO_REF:0000043	UniProtKB-KW:KW-0406	1120755	UniProt		P
UniProtKB	K6URX0	PCYB_074100	enables	GO:0046872	metal ion binding	ECO:0000256	IEA	GO_REF:0000002	InterPro:IPR011249	1120755	InterPro		F
UniProtKB	K6URX0	PCYB_074100	involved_in	GO:0006508	proteolysis	ECO:0000256	IEA	GO_REF:0000002	InterPro:IPR001431	1120755	InterPro		P
UniProtKB	K6USI9	PCYB_041320	enables	GO:0032559	adenyl ribonucleotide binding	ECO:0000256	IEA	GO_REF:0000002	InterPro:IPR033732	1120755	InterPro		F
UniProtKB	K6USI9	PCYB_041320	enables	GO:0005524	ATP binding	ECO:0000256	IEA	GO_REF:0000002	InterPro:IPR000194|InterPro:IPR020003	1120755	InterPro		F
UniProtKB	K6USI9	PCYB_041320	involved_in	GO:0015986	ATP synthesis coupled proton transport	ECO:0000256	IEA	GO_REF:0000002	InterPro:IPR000793|InterPro:IPR005294	1120755	InterPro		P
UniProtKB	K6USI9	PCYB_041320	enables	GO:0046933	proton-transporting ATP synthase activity, rotational mechanism	ECO:0000256	IEA	GO_REF:0000002	InterPro:IPR005294	1120755	InterPro		F
UniProtKB	K6USI9	PCYB_041320	involved_in	GO:0046034	ATP metabolic process	ECO:0000256	IEA	GO_REF:0000002	InterPro:IPR004100|InterPro:IPR036121	1120755	InterPro		P
UniProtKB	K6USI9	PCYB_041320	part_of	GO:0045261	proton-transporting ATP synthase complex, catalytic core F(1)	ECO:0000256	IEA	GO_REF:0000002	InterPro:IPR005294	1120755	InterPro		C
UniProtKB	K6USI9	PCYB_041320	involved_in	GO:1902600	proton transmembrane transport	ECO:0000256	IEA	GO_REF:0000002	InterPro:IPR004100|InterPro:IPR036121	1120755	InterPro		P
UniProtKB	K6USI9	PCYB_041320	enables	GO:0005524	ATP binding	ECO:0000323	IEA	GO_REF:0000043	UniProtKB-KW:KW-0067	1120755	UniProt		F
UniProtKB	K6USI9	PCYB_041320	involved_in	GO:0006811	ion transport	ECO:0000323	IEA	GO_REF:0000043	UniProtKB-KW:KW-0406	1120755	UniProt		P
UniProtKB	K6USI9	PCYB_041320	enables	GO:0000166	nucleotide binding	ECO:0000323	IEA	GO_REF:0000043	UniProtKB-KW:KW-0547	1120755	UniProt		F
UniProtKB	K6USI9	PCYB_041320	located_in	GO:0016020	membrane	ECO:0000323	IEA	GO_REF:0000043	UniProtKB-KW:KW-0472	1120755	UniProt		C
UniProtKB	K6USI9	PCYB_041320	involved_in	GO:0006754	ATP biosynthetic process	ECO:0000323	IEA	GO_REF:0000043	UniProtKB-KW:KW-0066	1120755	UniProt		P
UniProtKB	K6USI9	PCYB_041320	part_of	GO:0045261	proton-transporting ATP synthase complex, catalytic core F(1)	ECO:0000323	IEA	GO_REF:0000043	UniProtKB-KW:KW-0139	1120755	UniProt		C
UniProtKB	K6USR3	PCYB_084550	enables	GO:0016746	transferase activity, transferring acyl groups	ECO:0000256	IEA	GO_REF:0000002	InterPro:IPR001078	1120755	InterPro		F
UniProtKB	K6USR3	PCYB_084550	enables	GO:0016740	transferase activity	ECO:0000323	IEA	GO_REF:0000043	UniProtKB-KW:KW-0808	1120755	UniProt		F
UniProtKB	K6USR3	PCYB_084550	enables	GO:0016746	transferase activity, transferring acyl groups	ECO:0000323	IEA	GO_REF:0000043	UniProtKB-KW:KW-0012	1120755	UniProt		F
UniProtKB	K6UTI5	PCYB_093890	part_of	GO:0005960	glycine cleavage complex	ECO:0000256	IEA	GO_REF:0000002	InterPro:IPR002930	1120755	InterPro		C
UniProtKB	K6UTI5	PCYB_093890	involved_in	GO:0019464	glycine decarboxylation via glycine cleavage system	ECO:0000256	IEA	GO_REF:0000002	InterPro:IPR002930	1120755	InterPro		P
UniProtKB	K6UTW4	PCYB_062870	involved_in	GO:0022900	electron transport chain	ECO:0000256	IEA	GO_REF:0000002	InterPro:IPR014006	1120755	InterPro		P
UniProtKB	K6UTW4	PCYB_062870	enables	GO:0016491	oxidoreductase activity	ECO:0000256	IEA	GO_REF:0000002	InterPro:IPR003952|InterPro:IPR015939|InterPro:IPR037099	1120755	InterPro		F
UniProtKB	K6UTW4	PCYB_062870	enables	GO:0016627	oxidoreductase activity, acting on the CH-CH group of donors	ECO:0000256	IEA	GO_REF:0000002	InterPro:IPR011281|InterPro:IPR014006	1120755	InterPro		F
UniProtKB	K6UTW4	PCYB_062870	involved_in	GO:0006099	tricarboxylic acid cycle	ECO:0000256	IEA	GO_REF:0000002	InterPro:IPR011281	1120755	InterPro		P
UniProtKB	K6UTW4	PCYB_062870	enables	GO:0050660	flavin adenine dinucleotide binding	ECO:0000256	IEA	GO_REF:0000002	InterPro:IPR011281|InterPro:IPR014006	1120755	InterPro		F
UniProtKB	K6UTW4	PCYB_062870	enables	GO:0016491	oxidoreductase activity	ECO:0000323	IEA	GO_REF:0000043	UniProtKB-KW:KW-0560	1120755	UniProt		F
UniProtKB	K6UTW4	PCYB_062870	involved_in	GO:0006099	tricarboxylic acid cycle	ECO:0000323	IEA	GO_REF:0000043	UniProtKB-KW:KW-0816	1120755	UniProt		P
UniProtKB	K6UTW4	PCYB_062870	located_in	GO:0016020	membrane	ECO:0000323	IEA	GO_REF:0000043	UniProtKB-KW:KW-0472	1120755	UniProt		C
UniProtKB	K6UTW4	PCYB_062870	enables	GO:0008177	succinate dehydrogenase (ubiquinone) activity	ECO:0000501	IEA	GO_REF:0000003	EC:1.3.5.1	1120755	UniProt		F
UniProtKB	K6UTW4	PCYB_062870	located_in	GO:0005743	mitochondrial inner membrane	ECO:0000323	IEA	GO_REF:0000044	UniProtKB-SubCell:SL-0168	1120755	UniProt		C
UniProtKB	K6UTW4	PCYB_062870	involved_in	GO:0006099	tricarboxylic acid cycle	ECO:0000322	IEA	GO_REF:0000041	UniPathway:UPA00223	1120755	UniProt		P
UniProtKB	K6UUK6	PCYB_111300	enables	GO:0016491	oxidoreductase activity	ECO:0000256	IEA	GO_REF:0000002	InterPro:IPR001433|InterPro:IPR001834|InterPro:IPR017927	1120755	InterPro		F
UniProtKB	K6UUK6	PCYB_111300	located_in	GO:0016020	membrane	ECO:0000323	IEA	GO_REF:0000043	UniProtKB-KW:KW-0472	1120755	UniProt		C
UniProtKB	K6UUK6	PCYB_111300	located_in	GO:0016021	integral component of membrane	ECO:0000323	IEA	GO_REF:0000043	UniProtKB-KW:KW-0812	1120755	UniProt		C
UniProtKB	K6UUW8	PCYB_081510	located_in	GO:0016020	membrane	ECO:0000323	IEA	GO_REF:0000043	UniProtKB-KW:KW-0472	1120755	UniProt		C
UniProtKB	K6UUW8	PCYB_081510	located_in	GO:0016021	integral component of membrane	ECO:0000323	IEA	GO_REF:0000043	UniProtKB-KW:KW-0812	1120755	UniProt		C
UniProtKB	K6UV01	PCYB_082010	located_in	GO:0016020	membrane	ECO:0000323	IEA	GO_REF:0000043	UniProtKB-KW:KW-0472	1120755	UniProt		C
UniProtKB	K6UV01	PCYB_082010	located_in	GO:0016021	integral component of membrane	ECO:0000323	IEA	GO_REF:0000043	UniProtKB-KW:KW-0812	1120755	UniProt		C
UniProtKB	K6UV11	PCYB_082210	involved_in	GO:0006122	mitochondrial electron transport, ubiquinol to cytochrome c	ECO:0000256	IEA	GO_REF:0000002	InterPro:IPR003197	1120755	InterPro		P
UniProtKB	K6UV11	PCYB_082210	part_of	GO:0005750	mitochondrial respiratory chain complex III	ECO:0000256	IEA	GO_REF:0000002	InterPro:IPR003197	1120755	InterPro		C
UniProtKB	K6UV11	PCYB_082210	located_in	GO:0005743	mitochondrial inner membrane	ECO:0000323	IEA	GO_REF:0000043	UniProtKB-KW:KW-0999	1120755	UniProt		C
UniProtKB	K6UV11	PCYB_082210	located_in	GO:0016020	membrane	ECO:0000323	IEA	GO_REF:0000043	UniProtKB-KW:KW-0472	1120755	UniProt		C
UniProtKB	K6UV11	PCYB_082210	located_in	GO:0005739	mitochondrion	ECO:0000323	IEA	GO_REF:0000043	UniProtKB-KW:KW-0496	1120755	UniProt		C
UniProtKB	K6UW31	PCYB_093050	enables	GO:0016624	oxidoreductase activity, acting on the aldehyde or oxo group of donors, disulfide as acceptor	ECO:0000256	IEA	GO_REF:0000002	InterPro:IPR001017	1120755	InterPro		F
UniProtKB	K6UW31	PCYB_093050	enables	GO:0016491	oxidoreductase activity	ECO:0000323	IEA	GO_REF:0000043	UniProtKB-KW:KW-0560	1120755	UniProt		F
UniProtKB	K6UWH4	PCYB_095290	involved_in	GO:0015986	ATP synthesis coupled proton transport	ECO:0000256	IEA	GO_REF:0000002	InterPro:IPR001469|InterPro:IPR020546	1120755	InterPro		P
UniProtKB	K6UWH4	PCYB_095290	enables	GO:0046933	proton-transporting ATP synthase activity, rotational mechanism	ECO:0000256	IEA	GO_REF:0000002	InterPro:IPR001469	1120755	InterPro		F
UniProtKB	K6UWH4	PCYB_095290	part_of	GO:0045261	proton-transporting ATP synthase complex, catalytic core F(1)	ECO:0000256	IEA	GO_REF:0000002	InterPro:IPR001469	1120755	InterPro		C
UniProtKB	K6UWH4	PCYB_095290	involved_in	GO:0006811	ion transport	ECO:0000323	IEA	GO_REF:0000043	UniProtKB-KW:KW-0406	1120755	UniProt		P
UniProtKB	K6UWH4	PCYB_095290	located_in	GO:0016020	membrane	ECO:0000323	IEA	GO_REF:0000043	UniProtKB-KW:KW-0472	1120755	UniProt		C
UniProtKB	K6UWS5	PCYB_126890	enables	GO:0030145	manganese ion binding	ECO:0000256	IEA	GO_REF:0000002	InterPro:IPR011356	1120755	InterPro		F
UniProtKB	K6UWS5	PCYB_126890	involved_in	GO:0019538	protein metabolic process	ECO:0000256	IEA	GO_REF:0000002	InterPro:IPR011356	1120755	InterPro		P
UniProtKB	K6UWS5	PCYB_126890	located_in	GO:0005737	cytoplasm	ECO:0000256	IEA	GO_REF:0000002	InterPro:IPR011356	1120755	InterPro		C
UniProtKB	K6UWS5	PCYB_126890	enables	GO:0070006	metalloaminopeptidase activity	ECO:0000256	IEA	GO_REF:0000002	InterPro:IPR000819|InterPro:IPR011356	1120755	InterPro		F
UniProtKB	K6UWS5	PCYB_126890	involved_in	GO:0006508	proteolysis	ECO:0000256	IEA	GO_REF:0000002	InterPro:IPR000819	1120755	InterPro		P
UniProtKB	K6UWS5	PCYB_126890	enables	GO:0008233	peptidase activity	ECO:0000323	IEA	GO_REF:0000043	UniProtKB-KW:KW-0645	1120755	UniProt		F
UniProtKB	K6UWS5	PCYB_126890	enables	GO:0004177	aminopeptidase activity	ECO:0000323	IEA	GO_REF:0000043	UniProtKB-KW:KW-0031	1120755	UniProt		F
UniProtKB	K6UWS5	PCYB_126890	enables	GO:0016787	hydrolase activity	ECO:0000323	IEA	GO_REF:0000043	UniProtKB-KW:KW-0378	1120755	UniProt		F
UniProtKB	K6UWS5	PCYB_126890	involved_in	GO:0006508	proteolysis	ECO:0000323	IEA	GO_REF:0000043	UniProtKB-KW:KW-0645	1120755	UniProt		P
UniProtKB	K6UWS5	PCYB_126890	enables	GO:0004177	aminopeptidase activity	ECO:0000501	IEA	GO_REF:0000003	EC:3.4.11.5	1120755	UniProt		F
UniProtKB	K6UWZ3	PCYB_103050	enables	GO:0016717	oxidoreductase activity, acting on paired donors, with oxidation of a pair of donors resulting in the reduction of molecular oxygen to two molecules of water	ECO:0000256	IEA	GO_REF:0000002	InterPro:IPR015876	1120755	InterPro		F
UniProtKB	K6UWZ3	PCYB_103050	enables	GO:0016491	oxidoreductase activity	ECO:0000323	IEA	GO_REF:0000043	UniProtKB-KW:KW-0560	1120755	UniProt		F
UniProtKB	K6UWZ3	PCYB_103050	located_in	GO:0016020	membrane	ECO:0000323	IEA	GO_REF:0000043	UniProtKB-KW:KW-0472	1120755	UniProt		C
UniProtKB	K6UWZ3	PCYB_103050	located_in	GO:0016021	integral component of membrane	ECO:0000323	IEA	GO_REF:0000043	UniProtKB-KW:KW-0812	1120755	UniProt		C
UniProtKB	K6UWZ3	PCYB_103050	involved_in	GO:0006633	fatty acid biosynthetic process	ECO:0000323	IEA	GO_REF:0000043	UniProtKB-KW:KW-0275	1120755	UniProt		P
UniProtKB	K6UWZ3	PCYB_103050	located_in	GO:0016020	membrane	ECO:0000323	IEA	GO_REF:0000044	UniProtKB-SubCell:SL-0162	1120755	UniProt		C
UniProtKB	K6UX67	PCYB_103700	enables	GO:0003824	catalytic activity	ECO:0000256	IEA	GO_REF:0000002	InterPro:IPR009014	1120755	InterPro		F
UniProtKB	K6UXC5	PCYB_132780	enables	GO:0005507	copper ion binding	ECO:0000256	IEA	GO_REF:0000002	InterPro:IPR001505|InterPro:IPR002429	1120755	InterPro		F
UniProtKB	K6UXC5	PCYB_132780	enables	GO:0004129	cytochrome-c oxidase activity	ECO:0000256	IEA	GO_REF:0000002	InterPro:IPR002429	1120755	InterPro		F
UniProtKB	K6UXC5	PCYB_132780	located_in	GO:0016020	membrane	ECO:0000256	IEA	GO_REF:0000002	InterPro:IPR002429	1120755	InterPro		C
UniProtKB	K6UXC5	PCYB_132780	enables	GO:0046872	metal ion binding	ECO:0000323	IEA	GO_REF:0000043	UniProtKB-KW:KW-0479	1120755	UniProt		F
UniProtKB	K6UXC5	PCYB_132780	enables	GO:0004129	cytochrome-c oxidase activity	ECO:0000501	IEA	GO_REF:0000003	EC:7.1.1.9	1120755	UniProt		F
UniProtKB	K6UXC5	PCYB_132780	involved_in	GO:0022900	electron transport chain	ECO:0000366	IEA	GO_REF:0000108	GO:0004129	1120755	GOC		P
UniProtKB	K6UXC5	PCYB_132780	involved_in	GO:0022900	electron transport chain	ECO:0000366	IEA	GO_REF:0000108	GO:0004129	1120755	GOC		P
UniProtKB	K6UXC5	PCYB_132780	involved_in	GO:1902600	proton transmembrane transport	ECO:0000366	IEA	GO_REF:0000108	GO:0004129	1120755	GOC		P
UniProtKB	K6UXC5	PCYB_132780	involved_in	GO:1902600	proton transmembrane transport	ECO:0000366	IEA	GO_REF:0000108	GO:0004129	1120755	GOC		P
UniProtKB	K6UXD7	PCYB_111510	enables	GO:0004047	aminomethyltransferase activity	ECO:0000256	IEA	GO_REF:0000002	InterPro:IPR006223	1120755	InterPro		F
UniProtKB	K6UXD7	PCYB_111510	involved_in	GO:0006546	glycine catabolic process	ECO:0000256	IEA	GO_REF:0000002	InterPro:IPR006223	1120755	InterPro		P
UniProtKB	K6UXD7	PCYB_111510	enables	GO:0008168	methyltransferase activity	ECO:0000323	IEA	GO_REF:0000043	UniProtKB-KW:KW-0489	1120755	UniProt		F
UniProtKB	K6UXD7	PCYB_111510	involved_in	GO:0032259	methylation	ECO:0000323	IEA	GO_REF:0000043	UniProtKB-KW:KW-0489	1120755	UniProt		P
UniProtKB	K6UXD7	PCYB_111510	enables	GO:0008483	transaminase activity	ECO:0000323	IEA	GO_REF:0000043	UniProtKB-KW:KW-0032	1120755	UniProt		F
UniProtKB	K6UXD7	PCYB_111510	enables	GO:0016740	transferase activity	ECO:0000323	IEA	GO_REF:0000043	UniProtKB-KW:KW-0808	1120755	UniProt		F
UniProtKB	K6UXD7	PCYB_111510	located_in	GO:0005739	mitochondrion	ECO:0000323	IEA	GO_REF:0000043	UniProtKB-KW:KW-0496	1120755	UniProt		C
UniProtKB	K6UXD7	PCYB_111510	enables	GO:0004047	aminomethyltransferase activity	ECO:0000501	IEA	GO_REF:0000003	EC:2.1.2.10	1120755	UniProt		F
UniProtKB	K6UXD7	PCYB_111510	located_in	GO:0005739	mitochondrion	ECO:0000323	IEA	GO_REF:0000044	UniProtKB-SubCell:SL-0173	1120755	UniProt		C
UniProtKB	K6UXD7	PCYB_111510	enables	GO:0004047	aminomethyltransferase activity	ECO:0000256	IEA	GO_REF:0000116	RHEA:16945	1120755	RHEA		F
UniProtKB	K6UXU7	PCYB_113650	enables	GO:0003824	catalytic activity	ECO:0000256	IEA	GO_REF:0000002	InterPro:IPR011060|InterPro:IPR013785	1120755	InterPro		F
UniProtKB	K6UXU7	PCYB_113650	involved_in	GO:0042823	pyridoxal phosphate biosynthetic process	ECO:0000256	IEA	GO_REF:0000002	InterPro:IPR001852	1120755	InterPro		P
UniProtKB	K6UXU7	PCYB_113650	involved_in	GO:0042819	vitamin B6 biosynthetic process	ECO:0000256	IEA	GO_REF:0000002	InterPro:IPR001852	1120755	InterPro		P
UniProtKB	K6UYI9	PCYB_122170	enables	GO:0042626	ATPase-coupled transmembrane transporter activity	ECO:0000256	IEA	GO_REF:0000002	InterPro:IPR002699	1120755	InterPro		F
UniProtKB	K6UYI9	PCYB_122170	involved_in	GO:0006811	ion transport	ECO:0000323	IEA	GO_REF:0000043	UniProtKB-KW:KW-0406	1120755	UniProt		P
UniProtKB	K6UYI9	PCYB_122170	involved_in	GO:0055085	transmembrane transport	ECO:0000366	IEA	GO_REF:0000108	GO:0042626	1120755	GOC		P
UniProtKB	K6UYW8	PCYB_123960	part_of	GO:0016471	vacuolar proton-transporting V-type ATPase complex	ECO:0000256	IEA	GO_REF:0000002	InterPro:IPR005124	1120755	InterPro		C
UniProtKB	K6UYW8	PCYB_123960	enables	GO:0042626	ATPase-coupled transmembrane transporter activity	ECO:0000256	IEA	GO_REF:0000002	InterPro:IPR005124	1120755	InterPro		F
UniProtKB	K6UYW8	PCYB_123960	involved_in	GO:1902600	proton transmembrane transport	ECO:0000256	IEA	GO_REF:0000002	InterPro:IPR005124	1120755	InterPro		P
UniProtKB	K6UZ96	PCYB_147220	enables	GO:0008234	cysteine-type peptidase activity	ECO:0000256	IEA	GO_REF:0000002	InterPro:IPR000668	1120755	InterPro		F
UniProtKB	K6UZ96	PCYB_147220	involved_in	GO:0006508	proteolysis	ECO:0000256	IEA	GO_REF:0000002	InterPro:IPR000668	1120755	InterPro		P
UniProtKB	K6UZ96	PCYB_147220	enables	GO:0008233	peptidase activity	ECO:0000323	IEA	GO_REF:0000043	UniProtKB-KW:KW-0645	1120755	UniProt		F
UniProtKB	K6UZ96	PCYB_147220	enables	GO:0008234	cysteine-type peptidase activity	ECO:0000323	IEA	GO_REF:0000043	UniProtKB-KW:KW-0788	1120755	UniProt		F
UniProtKB	K6UZ96	PCYB_147220	enables	GO:0016787	hydrolase activity	ECO:0000323	IEA	GO_REF:0000043	UniProtKB-KW:KW-0378	1120755	UniProt		F
UniProtKB	K6UZ96	PCYB_147220	involved_in	GO:0006508	proteolysis	ECO:0000323	IEA	GO_REF:0000043	UniProtKB-KW:KW-0645	1120755	UniProt		P
UniProtKB	K6UZ96	PCYB_147220	enables	GO:0008239	dipeptidyl-peptidase activity	ECO:0000501	IEA	GO_REF:0000003	EC:3.4.14.1	1120755	UniProt		F
UniProtKB	K6V0H6	PCYB_133740	enables	GO:0016668	oxidoreductase activity, acting on a sulfur group of donors, NAD(P) as acceptor	ECO:0000256	IEA	GO_REF:0000002	InterPro:IPR012999	1120755	InterPro		F
UniProtKB	K6V0H6	PCYB_133740	enables	GO:0016491	oxidoreductase activity	ECO:0000256	IEA	GO_REF:0000002	InterPro:IPR001100|InterPro:IPR016156|InterPro:IPR023753	1120755	InterPro		F
UniProtKB	K6V0H6	PCYB_133740	involved_in	GO:0045454	cell redox homeostasis	ECO:0000256	IEA	GO_REF:0000002	InterPro:IPR004099	1120755	InterPro		P
UniProtKB	K6V0H6	PCYB_133740	enables	GO:0050660	flavin adenine dinucleotide binding	ECO:0000256	IEA	GO_REF:0000002	InterPro:IPR016156	1120755	InterPro		F
UniProtKB	K6V0H6	PCYB_133740	enables	GO:0016491	oxidoreductase activity	ECO:0000323	IEA	GO_REF:0000043	UniProtKB-KW:KW-0560	1120755	UniProt		F
UniProtKB	K6V0H6	PCYB_133740	enables	GO:0000166	nucleotide binding	ECO:0000323	IEA	GO_REF:0000043	UniProtKB-KW:KW-0547	1120755	UniProt		F
UniProtKB	K6V0R7	PCYB_135090	involved_in	GO:0009263	deoxyribonucleotide biosynthetic process	ECO:0000256	IEA	GO_REF:0000002	InterPro:IPR000358|InterPro:IPR033909	1120755	InterPro		P
UniProtKB	K6V0R7	PCYB_135090	enables	GO:0016491	oxidoreductase activity	ECO:0000256	IEA	GO_REF:0000002	InterPro:IPR012348	1120755	InterPro		F
UniProtKB	K6V107	PCYB_142080	involved_in	GO:0015986	ATP synthesis coupled proton transport	ECO:0000256	IEA	GO_REF:0000002	InterPro:IPR000131|InterPro:IPR035968	1120755	InterPro		P
UniProtKB	K6V107	PCYB_142080	enables	GO:0046933	proton-transporting ATP synthase activity, rotational mechanism	ECO:0000256	IEA	GO_REF:0000002	InterPro:IPR000131|InterPro:IPR035968	1120755	InterPro		F
UniProtKB	K6V107	PCYB_142080	part_of	GO:0045261	proton-transporting ATP synthase complex, catalytic core F(1)	ECO:0000256	IEA	GO_REF:0000002	InterPro:IPR000131|InterPro:IPR035968	1120755	InterPro		C
UniProtKB	K6V107	PCYB_142080	involved_in	GO:0006811	ion transport	ECO:0000323	IEA	GO_REF:0000043	UniProtKB-KW:KW-0406	1120755	UniProt		P
UniProtKB	K6V107	PCYB_142080	located_in	GO:0016020	membrane	ECO:0000323	IEA	GO_REF:0000043	UniProtKB-KW:KW-0472	1120755	UniProt		C
UniProtKB	K6V107	PCYB_142080	involved_in	GO:0006754	ATP biosynthetic process	ECO:0000323	IEA	GO_REF:0000043	UniProtKB-KW:KW-0066	1120755	UniProt		P
UniProtKB	K6V107	PCYB_142080	part_of	GO:0045261	proton-transporting ATP synthase complex, catalytic core F(1)	ECO:0000323	IEA	GO_REF:0000043	UniProtKB-KW:KW-0139	1120755	UniProt		C
UniProtKB	K6V111	PCYB_142130	enables	GO:0008237	metallopeptidase activity	ECO:0000256	IEA	GO_REF:0000002	InterPro:IPR014782	1120755	InterPro		F
UniProtKB	K6V111	PCYB_142130	enables	GO:0008270	zinc ion binding	ECO:0000256	IEA	GO_REF:0000002	InterPro:IPR012779|InterPro:IPR014782	1120755	InterPro		F
UniProtKB	K6V111	PCYB_142130	involved_in	GO:0006508	proteolysis	ECO:0000256	IEA	GO_REF:0000002	InterPro:IPR001930	1120755	InterPro		P
UniProtKB	K6V111	PCYB_142130	enables	GO:0008233	peptidase activity	ECO:0000323	IEA	GO_REF:0000043	UniProtKB-KW:KW-0645	1120755	UniProt		F
UniProtKB	K6V111	PCYB_142130	enables	GO:0008237	metallopeptidase activity	ECO:0000323	IEA	GO_REF:0000043	UniProtKB-KW:KW-0482	1120755	UniProt		F
UniProtKB	K6V111	PCYB_142130	enables	GO:0004177	aminopeptidase activity	ECO:0000323	IEA	GO_REF:0000043	UniProtKB-KW:KW-0031	1120755	UniProt		F
UniProtKB	K6V111	PCYB_142130	enables	GO:0016787	hydrolase activity	ECO:0000323	IEA	GO_REF:0000043	UniProtKB-KW:KW-0378	1120755	UniProt		F
UniProtKB	K6V111	PCYB_142130	enables	GO:0046872	metal ion binding	ECO:0000323	IEA	GO_REF:0000043	UniProtKB-KW:KW-0479	1120755	UniProt		F
UniProtKB	K6V111	PCYB_142130	involved_in	GO:0006508	proteolysis	ECO:0000323	IEA	GO_REF:0000043	UniProtKB-KW:KW-0645	1120755	UniProt		P
UniProtKB	K6V1T9	PCYB_145780	enables	GO:0016668	oxidoreductase activity, acting on a sulfur group of donors, NAD(P) as acceptor	ECO:0000256	IEA	GO_REF:0000002	InterPro:IPR012999	1120755	InterPro		F
UniProtKB	K6V1T9	PCYB_145780	enables	GO:0016491	oxidoreductase activity	ECO:0000256	IEA	GO_REF:0000002	InterPro:IPR001100|InterPro:IPR016156|InterPro:IPR023753	1120755	InterPro		F
UniProtKB	K6V1T9	PCYB_145780	enables	GO:0004148	dihydrolipoyl dehydrogenase activity	ECO:0000256	IEA	GO_REF:0000002	InterPro:IPR006258	1120755	InterPro		F
UniProtKB	K6V1T9	PCYB_145780	involved_in	GO:0045454	cell redox homeostasis	ECO:0000256	IEA	GO_REF:0000002	InterPro:IPR004099	1120755	InterPro		P
UniProtKB	K6V1T9	PCYB_145780	enables	GO:0050660	flavin adenine dinucleotide binding	ECO:0000256	IEA	GO_REF:0000002	InterPro:IPR006258|InterPro:IPR016156	1120755	InterPro		F
UniProtKB	K6V1T9	PCYB_145780	enables	GO:0016491	oxidoreductase activity	ECO:0000323	IEA	GO_REF:0000043	UniProtKB-KW:KW-0560	1120755	UniProt		F
UniProtKB	K6V1T9	PCYB_145780	enables	GO:0000166	nucleotide binding	ECO:0000323	IEA	GO_REF:0000043	UniProtKB-KW:KW-0547	1120755	UniProt		F
UniProtKB	K6V1T9	PCYB_145780	enables	GO:0004148	dihydrolipoyl dehydrogenase activity	ECO:0000501	IEA	GO_REF:0000003	EC:1.8.1.4	1120755	UniProt		F
UniProtKB	K6V1T9	PCYB_145780	enables	GO:0004148	dihydrolipoyl dehydrogenase activity	ECO:0000256	IEA	GO_REF:0000116	RHEA:15045	1120755	RHEA		F
UniProtKB	K6V1W5	PCYB_146140	enables	GO:0005524	ATP binding	ECO:0000256	IEA	GO_REF:0000002	InterPro:IPR000194|InterPro:IPR020003	1120755	InterPro		F
UniProtKB	K6V1W5	PCYB_146140	involved_in	GO:0015986	ATP synthesis coupled proton transport	ECO:0000256	IEA	GO_REF:0000002	InterPro:IPR005722	1120755	InterPro		P
UniProtKB	K6V1W5	PCYB_146140	enables	GO:0046933	proton-transporting ATP synthase activity, rotational mechanism	ECO:0000256	IEA	GO_REF:0000002	InterPro:IPR005722	1120755	InterPro		F
UniProtKB	K6V1W5	PCYB_146140	involved_in	GO:0046034	ATP metabolic process	ECO:0000256	IEA	GO_REF:0000002	InterPro:IPR004100|InterPro:IPR036121	1120755	InterPro		P
UniProtKB	K6V1W5	PCYB_146140	part_of	GO:0045261	proton-transporting ATP synthase complex, catalytic core F(1)	ECO:0000256	IEA	GO_REF:0000002	InterPro:IPR005722	1120755	InterPro		C
UniProtKB	K6V1W5	PCYB_146140	involved_in	GO:1902600	proton transmembrane transport	ECO:0000256	IEA	GO_REF:0000002	InterPro:IPR004100|InterPro:IPR036121	1120755	InterPro		P
UniProtKB	K6V1W5	PCYB_146140	enables	GO:0005524	ATP binding	ECO:0000323	IEA	GO_REF:0000043	UniProtKB-KW:KW-0067	1120755	UniProt		F
UniProtKB	K6V1W5	PCYB_146140	located_in	GO:0009579	thylakoid	ECO:0000323	IEA	GO_REF:0000043	UniProtKB-KW:KW-0793	1120755	UniProt		C
UniProtKB	K6V1W5	PCYB_146140	involved_in	GO:0006811	ion transport	ECO:0000323	IEA	GO_REF:0000043	UniProtKB-KW:KW-0406	1120755	UniProt		P
UniProtKB	K6V1W5	PCYB_146140	enables	GO:0000166	nucleotide binding	ECO:0000323	IEA	GO_REF:0000043	UniProtKB-KW:KW-0547	1120755	UniProt		F
UniProtKB	K6V1W5	PCYB_146140	located_in	GO:0016020	membrane	ECO:0000323	IEA	GO_REF:0000043	UniProtKB-KW:KW-0472	1120755	UniProt		C
UniProtKB	K6V1W5	PCYB_146140	involved_in	GO:0006754	ATP biosynthetic process	ECO:0000323	IEA	GO_REF:0000043	UniProtKB-KW:KW-0066	1120755	UniProt		P
UniProtKB	K6V1W5	PCYB_146140	located_in	GO:0009507	chloroplast	ECO:0000323	IEA	GO_REF:0000043	UniProtKB-KW:KW-0150	1120755	UniProt		C
UniProtKB	K6V1W5	PCYB_146140	part_of	GO:0045261	proton-transporting ATP synthase complex, catalytic core F(1)	ECO:0000323	IEA	GO_REF:0000043	UniProtKB-KW:KW-0139	1120755	UniProt		C
UniProtKB	K6V1W5	PCYB_146140	enables	GO:0046933	proton-transporting ATP synthase activity, rotational mechanism	ECO:0000501	IEA	GO_REF:0000003	EC:7.1.2.2	1120755	UniProt		F
UniProtKB	K6V1W5	PCYB_146140	enables	GO:0046961	proton-transporting ATPase activity, rotational mechanism	ECO:0000501	IEA	GO_REF:0000003	EC:7.1.2.2	1120755	UniProt		F
UniProtKB	K6V7X9	PCYB_052600	enables	GO:0016668	oxidoreductase activity, acting on a sulfur group of donors, NAD(P) as acceptor	ECO:0000256	IEA	GO_REF:0000002	InterPro:IPR012999	1120755	InterPro		F
UniProtKB	K6V7X9	PCYB_052600	enables	GO:0016491	oxidoreductase activity	ECO:0000256	IEA	GO_REF:0000002	InterPro:IPR016156|InterPro:IPR023753	1120755	InterPro		F
UniProtKB	K6V7X9	PCYB_052600	involved_in	GO:0045454	cell redox homeostasis	ECO:0000256	IEA	GO_REF:0000002	InterPro:IPR004099	1120755	InterPro		P
UniProtKB	K6V7X9	PCYB_052600	enables	GO:0050660	flavin adenine dinucleotide binding	ECO:0000256	IEA	GO_REF:0000002	InterPro:IPR016156	1120755	InterPro		F
UniProtKB	K6V7X9	PCYB_052600	enables	GO:0016491	oxidoreductase activity	ECO:0000323	IEA	GO_REF:0000043	UniProtKB-KW:KW-0560	1120755	UniProt		F
UniProtKB	K6V9G0	PCYB_073140	enables	GO:0016668	oxidoreductase activity, acting on a sulfur group of donors, NAD(P) as acceptor	ECO:0000256	IEA	GO_REF:0000002	InterPro:IPR012999	1120755	InterPro		F
UniProtKB	K6V9G0	PCYB_073140	enables	GO:0004791	thioredoxin-disulfide reductase activity	ECO:0000256	IEA	GO_REF:0000002	InterPro:IPR006338	1120755	InterPro		F
UniProtKB	K6V9G0	PCYB_073140	enables	GO:0016491	oxidoreductase activity	ECO:0000256	IEA	GO_REF:0000002	InterPro:IPR016156|InterPro:IPR023753	1120755	InterPro		F
UniProtKB	K6V9G0	PCYB_073140	involved_in	GO:0045454	cell redox homeostasis	ECO:0000256	IEA	GO_REF:0000002	InterPro:IPR004099	1120755	InterPro		P
UniProtKB	K6V9G0	PCYB_073140	enables	GO:0050660	flavin adenine dinucleotide binding	ECO:0000256	IEA	GO_REF:0000002	InterPro:IPR016156	1120755	InterPro		F
UniProtKB	K6V9G0	PCYB_073140	enables	GO:0016491	oxidoreductase activity	ECO:0000323	IEA	GO_REF:0000043	UniProtKB-KW:KW-0560	1120755	UniProt		F
UniProtKB	K6V9G0	PCYB_073140	involved_in	GO:0098869	cellular oxidant detoxification	ECO:0000366	IEA	GO_REF:0000108	GO:0004791	1120755	GOC		P
UniProtKB	K6V9K0	PCYB_073540	enables	GO:0004129	cytochrome-c oxidase activity	ECO:0000256	IEA	GO_REF:0000002	InterPro:IPR002124|InterPro:IPR036972	1120755	InterPro		F
UniProtKB	K6V9K0	PCYB_073540	located_in	GO:0005740	mitochondrial envelope	ECO:0000256	IEA	GO_REF:0000002	InterPro:IPR002124|InterPro:IPR036972	1120755	InterPro		C
UniProtKB	K6V9K0	PCYB_073540	involved_in	GO:0022900	electron transport chain	ECO:0000366	IEA	GO_REF:0000108	GO:0004129	1120755	GOC		P
UniProtKB	K6V9K0	PCYB_073540	involved_in	GO:1902600	proton transmembrane transport	ECO:0000366	IEA	GO_REF:0000108	GO:0004129	1120755	GOC		P
UniProtKB	K6V9Q9	PCYB_074180	part_of	GO:0033178	proton-transporting two-sector ATPase complex, catalytic domain	ECO:0000256	IEA	GO_REF:0000002	InterPro:IPR002842	1120755	InterPro		C
UniProtKB	K6V9Q9	PCYB_074180	enables	GO:0046961	proton-transporting ATPase activity, rotational mechanism	ECO:0000256	IEA	GO_REF:0000002	InterPro:IPR002842	1120755	InterPro		F
UniProtKB	K6V9Q9	PCYB_074180	involved_in	GO:1902600	proton transmembrane transport	ECO:0000256	IEA	GO_REF:0000002	InterPro:IPR002842	1120755	InterPro		P
UniProtKB	K6V9Q9	PCYB_074180	involved_in	GO:0006811	ion transport	ECO:0000323	IEA	GO_REF:0000043	UniProtKB-KW:KW-0406	1120755	UniProt		P
UniProtKB	K6VB67	PCYB_092230	enables	GO:0004359	glutaminase activity	ECO:0000256	IEA	GO_REF:0000002	InterPro:IPR002161	1120755	InterPro		F
UniProtKB	K6VB67	PCYB_092230	involved_in	GO:0042823	pyridoxal phosphate biosynthetic process	ECO:0000256	IEA	GO_REF:0000002	InterPro:IPR002161	1120755	InterPro		P
UniProtKB	K6VB67	PCYB_092230	involved_in	GO:0042819	vitamin B6 biosynthetic process	ECO:0000256	IEA	GO_REF:0000002	InterPro:IPR002161	1120755	InterPro		P
UniProtKB	K6VB67	PCYB_092230	involved_in	GO:0006541	glutamine metabolic process	ECO:0000323	IEA	GO_REF:0000043	UniProtKB-KW:KW-0315	1120755	UniProt		P
UniProtKB	K6VB67	PCYB_092230	enables	GO:0004359	glutaminase activity	ECO:0000501	IEA	GO_REF:0000003	EC:3.5.1.2	1120755	UniProt		F
UniProtKB	K6VB67	PCYB_092230	enables	GO:0004359	glutaminase activity	ECO:0000256	IEA	GO_REF:0000116	RHEA:15889	1120755	RHEA		F
UniProtKB	K6VB71	PCYB_092280	enables	GO:0008234	cysteine-type peptidase activity	ECO:0000256	IEA	GO_REF:0000002	InterPro:IPR000668	1120755	InterPro		F
UniProtKB	K6VB71	PCYB_092280	involved_in	GO:0006508	proteolysis	ECO:0000256	IEA	GO_REF:0000002	InterPro:IPR000668	1120755	InterPro		P
UniProtKB	K6VBV1	PCYB_094560	involved_in	GO:0034220	ion transmembrane transport	ECO:0000256	IEA	GO_REF:0000002	InterPro:IPR008218|InterPro:IPR036906	1120755	InterPro		P
UniProtKB	K6VBV1	PCYB_094560	involved_in	GO:0006811	ion transport	ECO:0000323	IEA	GO_REF:0000043	UniProtKB-KW:KW-0406	1120755	UniProt		P
UniProtKB	K6VC27	PCYB_101170	located_in	GO:0016020	membrane	ECO:0000323	IEA	GO_REF:0000043	UniProtKB-KW:KW-0472	1120755	UniProt		C
UniProtKB	K6VC27	PCYB_101170	located_in	GO:0016021	integral component of membrane	ECO:0000323	IEA	GO_REF:0000043	UniProtKB-KW:KW-0812	1120755	UniProt		C
UniProtKB	K6VC27	PCYB_101170	located_in	GO:0016020	membrane	ECO:0000323	IEA	GO_REF:0000044	UniProtKB-SubCell:SL-0162	1120755	UniProt		C
UniProtKB	K6VD82	PCYB_111980	enables	GO:0046872	metal ion binding	ECO:0000256	IEA	GO_REF:0000002	InterPro:IPR011249	1120755	InterPro		F
UniProtKB	K6VD82	PCYB_111980	involved_in	GO:0006508	proteolysis	ECO:0000256	IEA	GO_REF:0000002	InterPro:IPR013578	1120755	InterPro		P
UniProtKB	K6VF76	PCYB_125030	part_of	GO:0033179	proton-transporting V-type ATPase, V0 domain	ECO:0000256	IEA	GO_REF:0000002	InterPro:IPR016727	1120755	InterPro		C
UniProtKB	K6VF76	PCYB_125030	enables	GO:0015078	proton transmembrane transporter activity	ECO:0000256	IEA	GO_REF:0000002	InterPro:IPR016727	1120755	InterPro		F
UniProtKB	K6VF76	PCYB_125030	involved_in	GO:1902600	proton transmembrane transport	ECO:0000256	IEA	GO_REF:0000002	InterPro:IPR016727	1120755	InterPro		P
UniProtKB	K6VF76	PCYB_125030	involved_in	GO:0006811	ion transport	ECO:0000323	IEA	GO_REF:0000043	UniProtKB-KW:KW-0406	1120755	UniProt		P
UniProtKB	K6VFP6	PCYB_126870	enables	GO:0004739	pyruvate dehydrogenase (acetyl-transferring) activity	ECO:0000256	IEA	GO_REF:0000002	InterPro:IPR027110	1120755	InterPro		F
UniProtKB	K6VFP6	PCYB_126870	involved_in	GO:0006086	acetyl-CoA biosynthetic process from pyruvate	ECO:0000256	IEA	GO_REF:0000002	InterPro:IPR027110	1120755	InterPro		P
UniProtKB	K6VFP6	PCYB_126870	enables	GO:0003824	catalytic activity	ECO:0000256	IEA	GO_REF:0000002	InterPro:IPR009014	1120755	InterPro		F
UniProtKB	K6VFP6	PCYB_126870	enables	GO:0016491	oxidoreductase activity	ECO:0000323	IEA	GO_REF:0000043	UniProtKB-KW:KW-0560	1120755	UniProt		F
UniProtKB	K6VFP6	PCYB_126870	enables	GO:0004739	pyruvate dehydrogenase (acetyl-transferring) activity	ECO:0000501	IEA	GO_REF:0000003	EC:1.2.4.1	1120755	UniProt		F
UniProtKB	K6VFP6	PCYB_126870	enables	GO:0004739	pyruvate dehydrogenase (acetyl-transferring) activity	ECO:0000256	IEA	GO_REF:0000116	RHEA:19189	1120755	RHEA		F
UniProtKB	K6VFP6	PCYB_126870	enables	GO:0004739	pyruvate dehydrogenase (acetyl-transferring) activity	ECO:0000256	IEA	GO_REF:0000104	UniRule:UR000503762	1120755	UniProt		F
UniProtKB	K6VFV9	PCYB_127570	enables	GO:0008121	ubiquinol-cytochrome-c reductase activity	ECO:0000256	IEA	GO_REF:0000002	InterPro:IPR006317	1120755	InterPro		F
UniProtKB	K6VFV9	PCYB_127570	located_in	GO:0016020	membrane	ECO:0000256	IEA	GO_REF:0000002	InterPro:IPR005805	1120755	InterPro		C
UniProtKB	K6VFV9	PCYB_127570	enables	GO:0051537	2 iron, 2 sulfur cluster binding	ECO:0000256	IEA	GO_REF:0000002	InterPro:IPR005805|InterPro:IPR014349|InterPro:IPR017941|InterPro:IPR036922	1120755	InterPro		F
UniProtKB	K6VFV9	PCYB_127570	enables	GO:0046872	metal ion binding	ECO:0000323	IEA	GO_REF:0000043	UniProtKB-KW:KW-0479	1120755	UniProt		F
UniProtKB	K6VFV9	PCYB_127570	enables	GO:0051536	iron-sulfur cluster binding	ECO:0000323	IEA	GO_REF:0000043	UniProtKB-KW:KW-0411	1120755	UniProt		F
UniProtKB	K6VFV9	PCYB_127570	enables	GO:0051537	2 iron, 2 sulfur cluster binding	ECO:0000323	IEA	GO_REF:0000043	UniProtKB-KW:KW-0001	1120755	UniProt		F
UniProtKB	K6VFV9	PCYB_127570	located_in	GO:0016020	membrane	ECO:0000323	IEA	GO_REF:0000043	UniProtKB-KW:KW-0472	1120755	UniProt		C
UniProtKB	K6VFV9	PCYB_127570	located_in	GO:0016021	integral component of membrane	ECO:0000323	IEA	GO_REF:0000043	UniProtKB-KW:KW-0812	1120755	UniProt		C
UniProtKB	K6VFV9	PCYB_127570	located_in	GO:0016020	membrane	ECO:0000323	IEA	GO_REF:0000044	UniProtKB-SubCell:SL-0162	1120755	UniProt		C
UniProtKB	K6VFV9	PCYB_127570	involved_in	GO:0022900	electron transport chain	ECO:0000366	IEA	GO_REF:0000108	GO:0008121	1120755	GOC		P
UniProtKB	K6VFW4	PCYB_127620	enables	GO:0016209	antioxidant activity	ECO:0000256	IEA	GO_REF:0000002	InterPro:IPR000866	1120755	InterPro		F
UniProtKB	K6VFW4	PCYB_127620	enables	GO:0016491	oxidoreductase activity	ECO:0000256	IEA	GO_REF:0000002	InterPro:IPR000866	1120755	InterPro		F
UniProtKB	K6VFW4	PCYB_127620	involved_in	GO:0098869	cellular oxidant detoxification	ECO:0000366	IEA	GO_REF:0000108	GO:0016209	1120755	GOC		P
UniProtKB	K6VG84	PCYB_132070	involved_in	GO:0006979	response to oxidative stress	ECO:0000256	IEA	GO_REF:0000002	InterPro:IPR000889	1120755	InterPro		P
UniProtKB	K6VG84	PCYB_132070	enables	GO:0004602	glutathione peroxidase activity	ECO:0000256	IEA	GO_REF:0000002	InterPro:IPR000889	1120755	InterPro		F
UniProtKB	K6VG84	PCYB_132070	enables	GO:0004601	peroxidase activity	ECO:0000323	IEA	GO_REF:0000043	UniProtKB-KW:KW-0575	1120755	UniProt		F
UniProtKB	K6VG84	PCYB_132070	enables	GO:0016491	oxidoreductase activity	ECO:0000323	IEA	GO_REF:0000043	UniProtKB-KW:KW-0560	1120755	UniProt		F
UniProtKB	K6VG84	PCYB_132070	involved_in	GO:0098869	cellular oxidant detoxification	ECO:0000366	IEA	GO_REF:0000108	GO:0004601	1120755	GOC		P
UniProtKB	K6VG84	PCYB_132070	involved_in	GO:0098869	cellular oxidant detoxification	ECO:0000366	IEA	GO_REF:0000108	GO:0004602	1120755	GOC		P
UniProtKB	K6VGE3	PCYB_132710	enables	GO:0005524	ATP binding	ECO:0000256	IEA	GO_REF:0000002	InterPro:IPR013815	1120755	InterPro		F
UniProtKB	K6VGE3	PCYB_132710	involved_in	GO:0006099	tricarboxylic acid cycle	ECO:0000256	IEA	GO_REF:0000002	InterPro:IPR005809	1120755	InterPro		P
UniProtKB	K6VGE3	PCYB_132710	enables	GO:0003824	catalytic activity	ECO:0000256	IEA	GO_REF:0000002	InterPro:IPR005811	1120755	InterPro		F
UniProtKB	K6VGE3	PCYB_132710	enables	GO:0005524	ATP binding	ECO:0000323	IEA	GO_REF:0000043	UniProtKB-KW:KW-0067	1120755	UniProt		F
UniProtKB	K6VGE3	PCYB_132710	enables	GO:0016874	ligase activity	ECO:0000323	IEA	GO_REF:0000043	UniProtKB-KW:KW-0436	1120755	UniProt		F
UniProtKB	K6VGE3	PCYB_132710	enables	GO:0000166	nucleotide binding	ECO:0000323	IEA	GO_REF:0000043	UniProtKB-KW:KW-0547	1120755	UniProt		F
UniProtKB	K6VGE3	PCYB_132710	involved_in	GO:0006099	tricarboxylic acid cycle	ECO:0000323	IEA	GO_REF:0000043	UniProtKB-KW:KW-0816	1120755	UniProt		P
UniProtKB	K6VGE3	PCYB_132710	enables	GO:0046872	metal ion binding	ECO:0000323	IEA	GO_REF:0000043	UniProtKB-KW:KW-0479	1120755	UniProt		F
UniProtKB	K6VGE3	PCYB_132710	located_in	GO:0005739	mitochondrion	ECO:0000323	IEA	GO_REF:0000043	UniProtKB-KW:KW-0496	1120755	UniProt		C
UniProtKB	K6VGE3	PCYB_132710	enables	GO:0004775	succinate-CoA ligase (ADP-forming) activity	ECO:0000501	IEA	GO_REF:0000003	EC:6.2.1.5	1120755	UniProt		F
UniProtKB	K6VGE3	PCYB_132710	located_in	GO:0005739	mitochondrion	ECO:0000323	IEA	GO_REF:0000044	UniProtKB-SubCell:SL-0173	1120755	UniProt		C
UniProtKB	K6VGE3	PCYB_132710	enables	GO:0004775	succinate-CoA ligase (ADP-forming) activity	ECO:0000256	IEA	GO_REF:0000116	RHEA:17661	1120755	RHEA		F
UniProtKB	K6VGE3	PCYB_132710	enables	GO:0005524	ATP binding	ECO:0000256	IEA	GO_REF:0000104	UniRule:UR000405968	1120755	UniProt		F
UniProtKB	K6VGE3	PCYB_132710	enables	GO:0004775	succinate-CoA ligase (ADP-forming) activity	ECO:0000256	IEA	GO_REF:0000104	UniRule:UR000405968	1120755	UniProt		F
UniProtKB	K6VGE3	PCYB_132710	involved_in	GO:0006099	tricarboxylic acid cycle	ECO:0000256	IEA	GO_REF:0000104	UniRule:UR000405968	1120755	UniProt		P
UniProtKB	K6VGE3	PCYB_132710	enables	GO:0000287	magnesium ion binding	ECO:0000256	IEA	GO_REF:0000104	UniRule:UR000405968	1120755	UniProt		F
UniProtKB	K6VGE3	PCYB_132710	involved_in	GO:0006099	tricarboxylic acid cycle	ECO:0000322	IEA	GO_REF:0000041	UniPathway:UPA00223	1120755	UniProt		P
UniProtKB	K6VGZ3	PCYB_134860	enables	GO:0004190	aspartic-type endopeptidase activity	ECO:0000256	IEA	GO_REF:0000002	InterPro:IPR001461|InterPro:IPR001969	1120755	InterPro		F
UniProtKB	K6VGZ3	PCYB_134860	involved_in	GO:0006508	proteolysis	ECO:0000256	IEA	GO_REF:0000002	InterPro:IPR001461|InterPro:IPR001969	1120755	InterPro		P
UniProtKB	K6VGZ3	PCYB_134860	enables	GO:0008233	peptidase activity	ECO:0000323	IEA	GO_REF:0000043	UniProtKB-KW:KW-0645	1120755	UniProt		F
UniProtKB	K6VGZ3	PCYB_134860	enables	GO:0004190	aspartic-type endopeptidase activity	ECO:0000323	IEA	GO_REF:0000043	UniProtKB-KW:KW-0064	1120755	UniProt		F
UniProtKB	K6VGZ3	PCYB_134860	enables	GO:0016787	hydrolase activity	ECO:0000323	IEA	GO_REF:0000043	UniProtKB-KW:KW-0378	1120755	UniProt		F
UniProtKB	K6VGZ3	PCYB_134860	involved_in	GO:0006508	proteolysis	ECO:0000323	IEA	GO_REF:0000043	UniProtKB-KW:KW-0645	1120755	UniProt		P
UniProtKB	K6VHC3	PCYB_141950	involved_in	GO:0015986	ATP synthesis coupled proton transport	ECO:0000256	IEA	GO_REF:0000002	InterPro:IPR000711	1120755	InterPro		P
UniProtKB	K6VHC3	PCYB_141950	enables	GO:0046933	proton-transporting ATP synthase activity, rotational mechanism	ECO:0000256	IEA	GO_REF:0000002	InterPro:IPR000711	1120755	InterPro		F
UniProtKB	K6VHC3	PCYB_141950	involved_in	GO:0006811	ion transport	ECO:0000323	IEA	GO_REF:0000043	UniProtKB-KW:KW-0406	1120755	UniProt		P
UniProtKB	K6VHC3	PCYB_141950	located_in	GO:0016020	membrane	ECO:0000323	IEA	GO_REF:0000043	UniProtKB-KW:KW-0472	1120755	UniProt		C
UniProtKB	K6VHC3	PCYB_141950	involved_in	GO:0006754	ATP biosynthetic process	ECO:0000323	IEA	GO_REF:0000043	UniProtKB-KW:KW-0066	1120755	UniProt		P
UniProtKB	K6VHQ5	PCYB_143250	involved_in	GO:0015986	ATP synthesis coupled proton transport	ECO:0000256	IEA	GO_REF:0000002	InterPro:IPR006721|InterPro:IPR036742	1120755	InterPro		P
UniProtKB	K6VHQ5	PCYB_143250	part_of	GO:0000275	mitochondrial proton-transporting ATP synthase complex, catalytic sector F(1)	ECO:0000256	IEA	GO_REF:0000002	InterPro:IPR006721|InterPro:IPR036742	1120755	InterPro		C
UniProtKB	K6VHQ5	PCYB_143250	enables	GO:0046933	proton-transporting ATP synthase activity, rotational mechanism	ECO:0000256	IEA	GO_REF:0000002	InterPro:IPR006721|InterPro:IPR036742	1120755	InterPro		F
